Symbol,Name,1H Cloud Score,1D Cloud Score,1W Cloud Score,1M Cloud Score,Cloud Score Sum,1H TKx Score,1D TKx Score,1W TKx Score,1M TKx Score,TKx Score Sum,Total Score Sum
LLY,Eli Lilly and Company,17,37,193,144,391,18,42,63,83,206,597
CTAS,Cintas,11,27,90,152,280,15,16,100,174,305,585
COST,Costco,18,45,59,165,287,23,46,59,170,298,585
FICO,Fair Isaac,118,41,88,153,400,25,14,101,18,158,558
GOOG,Alphabet Inc. (Class C),76,78,62,162,378,21,78,70,8,177,555
GOOGL,Alphabet Inc. (Class A),76,78,62,162,378,21,78,70,8,177,555
SNPS,Synopsys,24,23,88,167,302,-1,15,79,151,244,546
MSI,Motorola Solutions,11,45,90,138,284,8,37,32,172,249,533
BSX,Boston Scientific,-32,163,87,131,349,-25,72,91,44,182,531
CDNS,Cadence Design Systems,16,19,79,128,242,25,17,78,167,287,529
TRGP,Targa Resources,154,104,69,31,358,40,36,54,40,170,528
MMC,Marsh McLennan,14,27,68,154,263,18,40,21,164,243,506
TT,Trane Technologies,7,171,88,151,417,14,-4,50,16,76,493
VRTX,Vertex Pharmaceuticals,10,39,124,91,264,10,42,136,24,212,476
TJX,TJX Companies,15,32,90,184,321,20,41,60,21,142,463
AJG,Arthur J. Gallagher & Co.,28,40,108,101,277,21,42,19,94,176,453
ROL,"Rollins, Inc.",20,45,21,271,357,20,24,29,22,95,452
INTU,Intuit,118,9,53,178,358,-3,8,73,7,85,443
AAPL,Apple Inc.,34,42,11,238,325,55,45,4,14,118,443
RSG,Republic Services,12,15,66,145,238,12,17,36,137,202,440
KLAC,KLA Corporation,23,45,70,154,292,27,46,55,13,141,433
PGR,Progressive Corporation,11,5,48,150,214,10,-18,43,176,211,425
ANET,Arista Networks,48,42,77,44,211,52,18,96,43,209,420
AMAT,Applied Materials,23,38,61,131,253,27,44,83,12,166,419
AVGO,Broadcom Inc.,12,39,80,102,233,41,38,83,13,175,408
IRM,Iron Mountain,50,38,68,42,198,48,44,60,43,195,393
APH,Amphenol,3,164,88,52,307,11,1,55,14,81,388
TMUS,T-Mobile US,34,35,37,124,230,42,54,39,22,157,387
CPRT,Copart,8,0,77,163,248,18,14,87,15,134,382
MCO,Moody's Corporation,27,43,59,142,271,34,37,28,10,109,380
MSFT,Microsoft,34,37,67,151,289,25,17,36,12,90,379
WM,Waste Management,-5,4,38,152,189,8,8,32,139,187,376
GDDY,GoDaddy,62,170,37,9,278,25,4,48,9,86,364
MPWR,Monolithic Power Systems,21,46,37,144,248,25,45,28,13,111,359
ORCL,Oracle Corporation,34,24,21,185,264,45,17,18,14,94,358
NVDA,Nvidia,3,40,70,121,234,19,2,83,13,117,351
LRCX,Lam Research,24,23,65,139,251,19,37,28,13,97,348
GS,Goldman Sachs,33,162,35,44,274,34,6,29,5,74,348
SPGI,S&P Global,80,26,37,146,289,27,17,2,8,54,343
PWR,Quanta Services,0,-7,209,52,254,12,-12,28,59,87,341
ORLY,O'Reilly Auto Parts,-34,0,106,186,258,-3,15,-6,76,82,340
BRO,Brown & Brown,0,40,59,148,247,18,-1,61,13,91,338
MCK,McKesson Corporation,0,55,69,41,165,10,47,61,54,172,337
AFL,Aflac,0,44,90,45,179,-1,47,58,42,146,325
ADI,Analog Devices,10,52,35,164,261,18,-7,28,13,52,313
NTAP,NetApp,50,51,53,41,195,7,44,59,6,116,311
PTC,PTC,-3,-1,79,169,244,46,7,-6,13,60,304
WMT,Walmart,18,36,70,82,206,19,39,22,16,96,302
BKNG,Booking Holdings,7,42,79,22,150,10,37,83,13,143,293
WDC,Western Digital,10,164,35,5,214,27,-5,52,5,79,293
REGN,Regeneron,1,40,53,53,147,8,41,46,50,145,292
TDG,TransDigm Group,-55,-1,88,143,175,-1,-13,82,44,112,287
ICE,Intercontinental Exchange,27,20,41,147,235,26,13,2,8,49,284
KKR,KKR,0,43,53,82,178,-1,41,53,8,101,279
WELL,Welltower,42,55,55,42,194,-3,5,74,8,84,278
AMZN,Amazon,78,25,56,8,167,25,15,64,7,111,278
ROP,Roper Technologies,-11,23,68,169,249,-22,35,2,13,28,277
WMB,Williams Companies,0,90,53,30,173,-4,47,18,43,104,277
BAC,Bank of America,32,99,25,3,159,39,49,29,1,118,277
RCL,Royal Caribbean Group,10,84,64,15,173,8,49,29,14,100,273
ETN,Eaton Corporation,7,-8,89,93,181,20,-20,31,59,90,271
LIN,Linde plc,-3,0,88,88,173,10,-2,-5,92,95,268
AXON,Axon Enterprise,12,0,88,81,181,15,13,40,17,85,266
META,Meta Platforms,17,25,64,16,122,17,35,76,10,138,260
VRSK,Verisk,27,44,11,100,182,22,39,2,14,77,259
SMCI,Supermicro,7,0,104,45,156,18,-4,27,60,101,257
KMI,Kinder Morgan,3,88,17,14,122,14,90,28,2,134,256
DECK,Deckers Brands,-40,0,91,80,131,8,-6,103,18,123,254
WRB,W. R. Berkley Corporation,0,0,37,162,199,6,8,-3,42,53,252
AON,Aon,14,0,-14,164,164,39,18,-12,43,88,252
OKE,ONEOK,90,15,53,27,185,-6,6,48,14,62,247
HLT,Hilton Worldwide,1,19,55,50,125,1,18,89,13,121,246
BR,Broadridge Financial Solutions,15,4,55,131,205,20,6,-7,12,31,236
GE,GE Aerospace,10,2,80,13,105,24,1,89,16,130,235
PEG,Public Service Enterprise Group,20,92,20,52,184,10,5,32,3,50,234
NXPI,NXP Semiconductors,26,49,58,50,183,19,-9,28,12,50,233
IR,Ingersoll Rand,10,0,82,9,101,18,-2,96,16,128,229
MA,Mastercard,0,-9,69,141,201,18,-2,-4,13,25,226
GWW,W. W. Grainger,15,-36,103,80,162,18,3,-1,44,64,226
MU,Micron Technology,0,95,46,9,150,-8,-4,72,7,67,217
TYL,Tyler Technologies,76,51,49,4,180,-2,6,28,5,37,217
WAB,Wabtec,0,0,90,34,124,18,-19,50,43,92,216
JPM,JPMorgan Chase,50,42,61,22,175,-9,7,29,13,40,215
NFLX,Netflix,19,35,59,7,120,20,38,30,7,95,215
HUBB,Hubbell Incorporated,1,-25,103,50,129,18,-20,28,58,84,213
C,Citigroup,69,7,32,3,111,64,6,29,1,100,211
IT,Gartner,6,3,90,45,144,15,15,-8,44,66,210
ECL,Ecolab,10,48,55,6,119,10,44,29,6,89,208
AMD,Advanced Micro Devices,24,3,60,97,184,22,3,-9,8,24,208
NDAQ,"Nasdaq, Inc.",16,0,19,130,165,19,3,32,-14,40,205
VTR,Ventas,48,46,11,3,108,42,49,4,1,96,204
PANW,Palo Alto Networks,1,19,73,67,160,-8,17,-12,44,41,201
VST,Vistra,22,1,62,16,101,30,-17,55,31,99,200
ROST,Ross Stores,3,25,87,22,137,10,35,2,15,62,199
LYV,Live Nation Entertainment,41,-4,37,134,208,-11,5,-6,3,-9,199
HWM,Howmet Aerospace,10,4,91,16,121,17,-16,35,41,77,198
AXP,American Express,35,0,35,86,156,-1,5,29,7,40,196
SHW,Sherwin-Williams,0,-39,37,175,173,10,11,-6,6,21,194
TER,Teradyne,32,51,12,3,98,18,46,26,5,95,193
AMP,Ameriprise Financial,0,1,37,50,88,-4,-2,53,57,104,192
V,Visa Inc.,-4,-10,79,119,184,-2,-2,-3,13,6,190
DLR,Digital Realty,41,27,38,2,108,3,19,51,5,78,186
ELV,Elevance Health,-20,2,25,140,147,-25,19,40,4,38,185
MRK,Merck & Co.,-40,-2,28,146,132,-9,-1,28,34,52,184
ISRG,Intuitive Surgical,14,37,37,9,97,8,39,27,13,87,184
IBM,IBM,33,0,51,14,98,34,14,-7,40,81,179
ACGL,Arch Capital Group,-21,0,94,49,122,2,-3,19,38,56,178
TEL,TE Connectivity,4,43,37,49,133,10,1,28,5,44,177
FI,Fiserv,13,0,78,22,113,18,1,29,14,62,175
STX,Seagate Technology,8,24,38,3,73,8,40,48,4,100,173
MPC,Marathon Petroleum,-20,-41,184,32,155,-18,-2,-3,41,18,173
BRK-B,Berkshire Hathaway,2,1,67,49,119,14,-2,28,13,53,172
CAT,Caterpillar Inc.,-11,-28,90,48,99,-1,1,28,44,72,171
MCHP,Microchip Technology,29,0,20,52,101,41,-20,28,14,63,164
NWS,News Corp (Class B),1,30,55,45,131,-9,32,1,8,32,163
HIG,Hartford (The),0,1,37,42,80,4,-1,35,43,81,161
SO,Southern Company,1,57,16,66,140,18,-14,13,3,20,160
PH,Parker Hannifin,10,-31,83,51,113,-1,-30,61,17,47,160
KO,Coca-Cola Company (The),-7,55,16,49,113,-2,19,29,1,47,160
CL,Colgate-Palmolive,1,57,30,9,97,11,17,32,1,61,158
JNPR,Juniper Networks,52,8,27,37,124,8,26,-1,1,34,158
AVY,Avery Dennison,-57,-7,37,131,104,-1,-2,50,6,53,157
PG,Procter & Gamble,1,5,27,74,107,14,-2,24,13,49,156
L,Loews Corporation,0,-9,55,42,88,2,-2,55,11,66,154
GLW,Corning Inc.,10,48,12,3,73,8,47,24,1,80,153
TXN,Texas Instruments,27,52,12,5,96,27,3,25,1,56,152
FANG,Diamondback Energy,0,6,52,34,92,-8,6,22,37,57,149
URI,United Rentals,-3,-25,37,51,60,-10,5,50,44,89,149
FDS,FactSet,0,-31,-7,181,143,-1,6,-8,9,6,149
NOW,ServiceNow,-3,10,60,68,135,-2,14,-7,9,14,149
COR,Cencora,-48,-1,91,51,93,7,-1,-1,51,56,149
HCA,HCA Healthcare,-41,0,27,83,69,-8,41,27,16,76,145
STE,Steris,-3,-1,0,144,140,-1,-16,9,12,4,144
LDOS,Leidos,-17,55,37,10,85,-3,5,50,6,58,143
TSLA,"Tesla, Inc.",62,18,2,0,82,69,10,2,-20,61,143
SYK,Stryker Corporation,-82,0,37,141,96,7,-5,29,16,47,143
NWSA,News Corp (Class A),0,36,55,14,105,-3,32,1,8,38,143
GRMN,Garmin,0,7,53,6,66,10,-21,80,7,76,142
HPE,Hewlett Packard Enterprise,3,32,19,22,76,3,37,11,14,65,141
HD,Home Depot (The),-62,0,35,164,137,8,-2,-7,5,4,141
QCOM,Qualcomm,5,46,33,8,92,20,-5,29,4,48,140
INVH,Invitation Homes,31,26,20,0,77,36,18,28,-19,63,140
SYF,Synchrony Financial,41,13,33,8,95,2,7,29,4,42,137
ESS,Essex Property Trust,0,54,19,0,73,6,47,29,-19,63,136
EMR,Emerson Electric,31,0,35,45,111,8,-22,27,9,22,133
BK,Bank of New York Mellon,3,55,36,9,103,-10,6,30,4,30,133
NVR,"NVR, Inc.",-36,-10,80,52,86,2,-2,29,16,45,131
BG,Bunge Global SA,36,12,4,42,94,27,5,13,-9,36,130
PNC,PNC Financial Services,41,2,31,0,74,40,7,29,-20,56,130
MS,Morgan Stanley,34,6,13,9,62,34,5,28,1,68,130
UNH,UnitedHealth Group,-10,0,-2,163,151,-23,4,4,-6,-21,130
ODFL,Old Dominion,0,-52,-8,174,114,-7,7,-5,19,14,128
PHM,PulteGroup,-67,-14,80,52,51,3,-25,83,16,77,128
ADBE,Adobe Inc.,106,13,0,2,121,-2,16,-15,7,6,127
LMT,Lockheed Martin,-26,0,16,137,127,-27,11,13,1,-2,125
AZO,AutoZone,-34,-6,37,73,70,-3,14,-1,44,54,124
MO,Altria,14,86,10,-2,108,8,5,18,-18,13,121
CMG,Chipotle Mexican Grill,-48,-2,70,67,87,-10,-5,31,16,32,119
FCX,Freeport-McMoRan,20,0,18,45,83,18,-24,26,13,33,116
AME,Ametek,-57,-10,89,93,115,-4,-9,-5,17,-1,114
PKG,Packaging Corporation of America,-48,-1,51,47,49,4,-2,50,12,64,113
AIG,American International Group,4,-17,46,36,69,2,-23,54,8,41,110
AMGN,Amgen,-22,45,44,13,80,8,8,3,10,29,109
EXPD,Expeditors International,-37,26,0,117,106,-10,-1,2,12,3,109
QRVO,Qorvo,41,18,7,-18,48,36,20,2,3,61,109
F,Ford Motor Company,51,3,3,-7,50,79,7,-5,-22,59,109
ABBV,AbbVie,-27,0,32,45,50,2,18,-6,44,58,108
RL,Ralph Lauren Corporation,2,2,37,21,62,6,-5,31,13,45,107
PM,Philip Morris International,15,55,11,9,90,8,2,4,1,15,105
EA,Electronic Arts,0,24,37,9,70,5,32,-11,8,34,104
STZ,Constellation Brands,-10,0,19,45,54,-4,15,-5,44,50,104
PRU,Prudential Financial,2,2,35,14,53,-11,7,49,5,50,103
MCD,McDonald's,-38,-81,-8,229,102,-1,-33,-11,44,-1,101
NRG,NRG Energy,0,0,40,14,54,1,-17,55,8,47,101
CB,Chubb Limited,-55,-7,44,45,27,-3,-11,46,42,74,101
ADSK,Autodesk,0,11,6,0,17,56,32,-11,6,83,100
FFIV,"F5, Inc.",54,0,37,0,91,8,7,-10,4,9,100
LHX,L3Harris,10,44,12,0,66,8,11,32,-19,32,98
MAR,Marriott International,-34,0,66,42,74,-1,15,-4,13,23,97
UHS,Universal Health Services,-41,41,35,9,44,-32,44,28,13,53,97
TSCO,Tractor Supply,-67,-4,26,72,27,-29,-5,28,72,66,93
CHD,Church & Dwight,0,-1,36,22,57,-1,-5,28,12,34,91
ANSS,Ansys,23,0,30,2,55,25,5,-5,10,35,90
AVB,AvalonBay Communities,-20,57,19,0,56,5,19,26,-19,31,87
MGM,MGM Resorts,7,2,4,42,55,7,18,-6,13,32,87
DE,John Deere,-38,-31,-8,95,18,-31,-6,12,93,68,86
KMB,Kimberly-Clark,4,26,7,2,39,8,19,18,2,47,86
JBL,Jabil,0,-13,0,52,39,18,-5,-10,44,47,86
MET,MetLife,-18,-9,34,44,51,-17,-1,46,5,33,84
MNST,Monster Beverage,0,-64,-8,167,95,8,-30,-9,20,-11,84
RTX,RTX Corporation,0,0,18,41,59,10,-16,25,1,20,79
PEP,PepsiCo,-40,-21,-5,161,95,-2,-26,17,-6,-17,78
ALL,Allstate,0,-25,39,45,59,4,-31,40,4,17,76
CPAY,Corpay,17,-41,64,8,48,15,6,-6,12,27,75
PLD,Prologis,37,0,-13,-4,20,46,19,-11,1,55,75
HON,Honeywell,-20,27,10,9,26,-1,41,6,2,48,74
BLK,BlackRock,3,1,35,9,48,19,8,-7,5,25,73
TRV,Travelers Companies (The),0,-25,34,44,53,8,-29,-3,43,19,72
GM,General Motors,0,26,24,1,51,-1,19,25,-22,21,72
CRM,Salesforce,0,0,59,9,68,-3,5,-7,8,3,71
ULTA,Ulta Beauty,13,0,-15,45,43,10,-17,-9,43,27,70
UDR,"UDR, Inc.",-4,54,11,-12,49,-3,19,24,-19,21,70
KR,Kroger,17,-23,22,52,68,35,-58,22,2,1,69
REG,Regency Centers,4,27,0,0,31,-11,47,1,1,38,69
CINF,Cincinnati Financial,1,1,4,45,51,-17,7,26,2,18,69
DFS,Discover Financial,1,7,23,8,39,-11,14,26,1,30,69
HOLX,Hologic,48,-37,0,52,63,8,4,-2,-6,4,67
CHRW,CH Robinson,-19,46,0,0,27,3,47,4,-15,39,66
VMC,Vulcan Materials Company,-35,-25,63,47,50,-2,-28,29,14,13,63
VLO,Valero Energy,-10,-28,31,29,22,-17,3,19,36,41,63
EQR,Equity Residential,-19,55,12,-12,36,5,17,24,-19,27,63
BX,Blackstone,-17,-9,37,73,84,-32,10,-5,6,-21,63
WTW,Willis Towers Watson,-10,0,37,10,37,-3,26,-5,7,25,62
CTLT,Catalent,22,8,15,-21,24,17,17,26,-23,37,61
GEN,Gen Digital,-3,40,34,0,71,-21,2,29,-20,-10,61
DD,DuPont,-38,47,18,6,33,4,-5,15,13,27,60
XOM,ExxonMobil,-9,-9,18,29,29,-25,5,16,35,31,60
XYL,Xylem Inc.,0,-6,33,8,35,10,-20,28,7,25,60
ZBRA,Zebra Technologies,32,5,12,-12,37,19,2,25,-23,23,60
HPQ,HP Inc.,0,40,10,3,53,6,-7,3,2,4,57
MLM,Martin Marietta Materials,-34,-28,63,47,48,-1,-34,29,14,8,56
J,Jacobs Solutions,-37,-43,33,93,46,6,-1,-1,6,10,56
CSX,CSX,-3,-67,37,101,68,-16,6,-9,7,-12,56
EW,Edwards Lifesciences,3,12,22,0,37,11,6,24,-22,19,56
GD,General Dynamics,-48,-5,40,40,27,-59,-2,47,42,28,55
HES,Hess Corporation,-10,-25,3,41,9,-10,-1,15,42,46,55
RJF,Raymond James,-17,-25,35,45,38,-25,6,29,6,16,54
MRO,Marathon Oil,-10,13,7,31,41,-18,21,15,-5,13,54
MDLZ,Mondelez International,-3,-29,-5,67,30,-2,-29,-13,66,22,52
STLD,Steel Dynamics,-17,-34,35,42,26,-17,2,-3,44,26,52
JCI,Johnson Controls,1,0,18,5,24,15,-14,23,4,28,52
MMM,3M,-19,81,13,-36,39,-1,12,28,-27,12,51
CBRE,CBRE Group,1,-10,35,9,35,9,10,-5,1,15,50
ON,ON Semiconductor,27,5,-27,50,55,43,-9,-38,-2,-6,49
LNT,Alliant Energy,28,3,4,0,35,19,5,5,-15,14,49
OMC,Omnicom Group,2,-22,19,22,21,8,-28,26,18,24,45
WFC,Wells Fargo,4,0,35,9,48,-12,-28,31,5,-4,44
FITB,Fifth Third Bank,-3,-3,32,0,26,-11,-1,29,1,18,44
FDX,FedEx,0,9,3,9,21,1,7,3,11,22,43
IP,International Paper,-48,43,11,-2,4,-10,-2,48,2,38,42
ADP,Automatic Data Processing,-55,-9,24,166,126,-55,-16,-2,-11,-84,42
DUK,Duke Energy,8,0,16,5,29,14,-14,32,-19,13,42
PSA,Public Storage,1,17,5,0,23,20,14,2,-18,18,41
CDW,CDW,-61,-10,55,56,40,-32,-6,-6,44,0,40
CMI,Cummins,-34,-9,25,9,-9,2,7,24,16,49,40
EXR,Extra Space Storage,-3,26,11,0,34,-1,19,2,-15,5,39
AIZ,Assurant,-40,-37,37,138,98,-27,-33,-6,6,-60,38
FE,FirstEnergy,2,0,13,0,15,14,-24,31,1,22,37
DPZ,Domino's,-55,-1,37,8,-11,-1,-6,50,5,48,37
EG,Everest Re,-27,-5,-2,42,8,2,-19,6,40,29,37
PCG,PG&E Corporation,0,-6,15,0,9,8,-17,9,27,27,36
EIX,Edison International,0,0,16,9,25,-2,-16,13,16,11,36
PAYX,Paychex,-55,-9,-1,137,72,-25,-2,6,-15,-36,36
PCAR,Paccar,-63,-48,91,52,32,3,-13,-3,16,3,35
SCHW,Charles Schwab Corporation,2,0,20,6,28,-11,6,29,-18,6,34
EOG,EOG Resources,0,-25,3,31,9,-16,6,-1,36,25,34
NDSN,Nordson Corporation,-34,-33,-6,102,29,-2,-1,-1,8,4,33
BKR,Baker Hughes,-3,13,3,9,22,-20,6,10,13,9,31
SPG,Simon Property Group,-19,0,37,9,27,-26,-9,32,6,3,30
DHI,DR Horton,-61,-36,83,52,38,8,-28,-6,17,-9,29
GNRC,Generac,26,0,15,-21,20,26,-19,26,-24,9,29
FSLR,First Solar,-98,0,11,49,-38,14,-7,16,44,67,29
PSX,Phillips 66,-13,-48,53,22,14,-17,5,-5,31,14,28
CCL,Carnival,0,14,20,-55,-21,5,35,3,6,49,28
AOS,A. O. Smith,-55,-29,66,22,4,5,-28,35,11,23,27
CPB,Campbell Soup Company,0,1,0,0,1,-3,8,31,-10,26,27
CPT,Camden Property Trust,-25,54,6,-11,24,-18,19,20,-19,2,26
TXT,Textron,-38,-38,51,40,15,2,-2,-3,13,10,25
EFX,Equifax,0,0,34,3,37,-1,-9,-8,5,-13,24
CFG,Citizens Financial Group,3,2,12,0,17,-11,7,29,-20,5,22
EXPE,Expedia Group,3,2,0,0,5,8,19,-11,1,17,22
INTC,Intel,23,0,-12,-28,-17,41,6,-14,6,39,22
FTNT,Fortinet,47,-51,0,99,95,-8,-57,-5,-4,-74,21
NI,NiSource,2,2,16,10,30,-33,7,31,-15,-10,20
MTB,M&T Bank,0,0,13,3,16,-17,7,29,-15,4,20
SWKS,Skyworks Solutions,0,18,4,-17,5,6,17,-11,2,14,19
DOC,Healthpeak,29,7,0,-26,10,34,-9,9,-25,9,19
NEM,Newmont,20,5,0,-18,7,13,6,11,-19,11,18
COP,ConocoPhillips,-10,-34,0,35,-9,-10,3,-4,38,27,18
BBY,Best Buy,0,27,7,-17,17,10,-2,-8,1,1,18
HUM,Humana,0,37,-32,0,5,7,38,-27,-7,11,16
TPR,"Tapestry, Inc.",1,0,23,8,32,4,-13,1,-9,-17,15
PFG,Principal Financial Group,3,-25,1,42,21,3,5,-5,-9,-6,15
CI,Cigna,-45,-31,31,45,0,2,-56,23,44,13,13
NEE,NextEra Energy,2,0,11,0,13,14,-17,17,-15,-1,12
DOV,Dover Corporation,-34,-6,31,9,0,-1,-20,28,5,12,12
MSCI,MSCI,22,0,-8,0,14,21,-19,-12,7,-3,11
FTV,Fortive,-3,-52,35,19,-1,-1,3,-5,13,10,9
PNW,Pinnacle West,8,1,0,0,9,8,-17,11,-2,0,9
AMT,American Tower,1,27,0,-12,16,12,-1,1,-22,-10,6
FRT,Federal Realty,29,0,7,-3,33,-4,-2,-2,-19,-27,6
IFF,International Flavors & Fragrances,10,5,10,-24,1,15,-16,28,-23,4,5
PNR,Pentair,-62,-22,59,9,-16,7,-25,29,10,21,5
CNP,CenterPoint Energy,-61,55,13,29,36,-25,-1,4,-10,-32,4
ZTS,Zoetis,-2,12,-1,0,9,-2,-11,1,5,-7,2
PODD,Insulet Corporation,-32,25,-2,-1,-10,1,29,-12,-6,12,2
APD,Air Products and Chemicals,0,2,-5,0,-3,10,-8,9,-6,5,2
ADM,Archer-Daniels-Midland,12,5,-48,0,-31,34,6,2,-10,32,1
NTRS,Northern Trust,1,0,12,-16,-3,-11,8,29,-22,4,1
CAH,Cardinal Health,-55,-8,0,24,-39,6,-1,-9,44,40,1
BA,Boeing,6,8,-15,-7,-8,10,2,-19,13,6,-2
COF,Capital One,-8,-19,35,8,16,-15,-36,29,4,-18,-2
UNP,Union Pacific Corporation,-10,-33,0,84,41,-10,-29,-8,2,-45,-4
MAA,Mid-America Apartment Communities,-20,27,0,-11,-4,-19,19,19,-19,0,-4
ATO,Atmos Energy,-19,-4,7,32,16,-22,-1,-1,1,-23,-7
AEP,American Electric Power,0,0,12,0,12,-11,-23,29,-14,-19,-7
EQIX,Equinix,2,0,0,3,5,1,-16,-10,12,-13,-8
SRE,Sempra Energy,1,1,10,32,44,-29,-17,4,-10,-52,-8
EBAY,eBay,-34,33,20,-1,18,-53,-1,25,2,-27,-9
TFC,Truist,2,1,1,-17,-13,-12,6,31,-21,4,-9
RMD,ResMed,-1,-11,12,-2,-2,16,-25,24,-24,-9,-11
T,AT&T,0,37,8,-54,-9,1,41,4,-48,-2,-11
AES,AES Corporation,0,-7,0,-2,-9,14,-16,10,-11,-3,-12
KIM,Kimco Realty,0,8,-5,0,3,-11,10,-15,1,-15,-12
GILD,Gilead Sciences,-6,0,-23,-1,-30,-1,13,-17,22,17,-13
PPL,PPL Corporation,-19,-10,13,3,-13,-12,-20,31,1,0,-13
CVX,Chevron Corporation,-17,-9,0,31,5,-25,-3,15,-5,-18,-13
VZ,Verizon,6,7,26,-29,10,9,6,-5,-34,-24,-14
GL,Globe Life,-17,0,-15,-4,-36,-17,7,-12,42,20,-16
FAST,Fastenal,-47,-58,63,83,41,-1,-61,-6,10,-58,-17
RF,Regions Financial Corporation,2,2,3,5,12,-15,8,-5,-17,-29,-17
BIIB,Biogen,-19,27,-27,-14,-33,1,19,1,-5,16,-17
LOW,Lowe's,-62,-36,24,52,-22,8,-3,-6,5,4,-18
DVA,DaVita Inc.,-40,0,35,7,2,-49,-5,28,6,-20,-18
NCLH,Norwegian Cruise Line Holdings,3,0,3,-54,-48,8,22,-7,7,30,-18
TGT,Target Corporation,10,-34,4,-4,-24,9,2,-6,1,6,-18
AWK,American Water Works,1,3,-3,-10,-9,8,-1,4,-23,-12,-21
LEN,Lennar,-90,-22,83,51,22,-31,-27,-2,16,-44,-22
D,Dominion Energy,4,-10,0,-23,-29,17,-20,28,-19,6,-23
AKAM,Akamai,43,-98,-7,0,-62,42,2,-13,8,39,-23
DGX,Quest Diagnostics,2,0,2,4,8,-3,-17,10,-22,-32,-24
ENPH,Enphase,1,-13,-4,-7,-23,12,-9,6,-11,-2,-25
CTSH,Cognizant,-10,-4,-1,0,-15,-9,6,-10,3,-10,-25
LH,LabCorp,-9,-9,-3,0,-21,-5,8,-13,5,-5,-26
HII,Huntington Ingalls Industries,-18,-46,37,10,-17,-17,6,-7,8,-10,-27
DAL,Delta Air Lines,-59,-7,18,6,-42,2,-25,25,13,15,-27
UAL,United Airlines Holdings,-18,-3,13,0,-8,-26,-16,20,3,-19,-27
MHK,Mohawk Industries,1,-19,24,-18,-12,5,-25,25,-23,-18,-30
DRI,Darden Restaurants,-39,-6,-3,45,-3,-32,-4,-10,16,-30,-33
FIS,Fidelity National Information Services,-8,0,18,-30,-20,-3,-9,28,-30,-14,-34
TSN,Tyson Foods,-3,-10,4,-18,-27,-18,4,26,-19,-7,-34
TRMB,Trimble Inc.,0,-31,22,-3,-12,-3,4,-2,-22,-23,-35
EVRG,Evergy,3,0,0,-12,-9,3,-24,11,-16,-26,-35
O,Realty Income,0,-10,-3,-12,-25,22,-2,-11,-19,-10,-35
CAG,Conagra Brands,0,-20,-5,-2,-27,8,-32,25,-10,-9,-36
TFX,Teleflex,41,1,-8,-26,8,7,-14,-11,-27,-45,-37
CBOE,Cboe Global Markets,-17,-29,0,27,-19,-18,-27,-11,37,-19,-38
MOH,Molina Healthcare,-60,-62,-6,153,25,-3,-62,-7,9,-63,-38
KEYS,Keysight,14,-33,-6,0,-25,10,2,-7,-19,-14,-39
SNA,Snap-on,-62,-33,-3,45,-53,2,-28,-7,44,11,-42
CHTR,Charter Communications,0,26,-24,-23,-21,-8,41,-29,-26,-22,-43
KMX,CarMax,0,0,0,-23,-23,-1,11,-7,-24,-21,-44
OXY,Occidental Petroleum,-15,-34,0,27,-22,-25,7,-2,-3,-23,-45
EMN,Eastman Chemical Company,-62,-6,22,0,-46,4,-9,29,-23,1,-45
INCY,Incyte,-46,32,0,-18,-32,1,-2,2,-15,-14,-46
ETR,Entergy,-19,-10,13,0,-16,-25,-23,32,-15,-31,-47
WAT,Waters Corporation,-19,-27,-1,-2,-49,-2,-27,29,1,1,-48
HBAN,Huntington Bancshares,0,-20,4,0,-16,-16,-27,29,-20,-34,-50
TECH,Bio-Techne,-8,-10,0,-11,-29,-3,-21,25,-22,-21,-50
DHR,Danaher Corporation,-44,-6,25,9,-16,-50,-13,28,1,-34,-50
USB,U.S. Bank,1,-36,32,-17,-20,-11,8,-7,-21,-31,-51
ES,Eversource,1,-21,-8,-15,-43,14,-14,13,-25,-12,-55
JKHY,Jack Henry & Associates,-24,-31,10,0,-45,4,7,-7,-15,-11,-56
CTRA,Coterra,-43,-9,1,30,-21,-17,-21,13,-10,-35,-56
DVN,Devon Energy,-10,-25,-1,0,-36,-10,-2,-1,-9,-22,-58
STT,State Street Corporation,4,-20,0,-12,-28,-11,4,-5,-21,-33,-61
NOC,Northrop Grumman,-8,-29,-7,42,-2,-24,-29,-3,-6,-62,-64
SLB,Schlumberger,-9,-55,-14,2,-76,-26,6,-7,36,9,-67
DTE,DTE Energy,-46,-6,13,0,-39,-25,-16,31,-19,-29,-68
IDXX,Idexx Laboratories,-40,-11,0,0,-51,10,-24,-9,5,-18,-69
DXCM,Dexcom,-10,-27,20,0,-17,-1,-54,-5,7,-53,-70
NUE,Nucor,-17,-53,-2,42,-30,-25,-53,-5,43,-40,-70
CMCSA,Comcast,-15,-6,-12,-6,-39,-25,-2,-14,8,-33,-72
ALLE,Allegion,-19,-59,33,0,-45,-3,-28,-5,8,-28,-73
MAS,Masco,-62,-39,38,9,-54,7,-32,-5,8,-22,-76
TROW,T. Rowe Price,-51,-2,12,-17,-58,-9,-9,24,-26,-20,-78
CMS,CMS Energy,-41,-10,13,0,-38,-29,-22,29,-19,-41,-79
HAL,Halliburton,-19,-33,-6,14,-44,-17,-51,-5,38,-35,-79
ARE,Alexandria Real Estate Equities,0,-31,0,-17,-48,-7,5,-7,-23,-32,-80
TMO,Thermo Fisher Scientific,-66,-13,27,0,-52,-1,-27,-1,1,-28,-80
KEY,KeyCorp,2,-31,0,-17,-46,-15,5,-5,-20,-35,-81
CME,CME Group,-5,-29,-2,0,-36,-17,-26,-6,4,-45,-81
TDY,Teledyne Technologies,-17,-10,-6,0,-33,-17,-22,-12,2,-49,-82
CCI,Crown Castle,-4,-15,-6,-16,-41,8,-15,-12,-23,-42,-83
ROK,Rockwell Automation,-17,-6,-15,2,-36,-28,7,-41,14,-48,-84
K,Kellanova,-40,-9,0,-2,-51,-25,-21,24,-12,-34,-85
LKQ,LKQ Corporation,-3,-60,-15,0,-78,6,4,-7,-10,-7,-85
SBAC,SBA Communications,1,-16,-27,-7,-49,8,-5,-18,-22,-37,-86
IVZ,Invesco,1,-17,-5,-15,-36,1,-20,-9,-23,-51,-87
MKC,McCormick & Company,0,-24,-2,-4,-30,-23,-31,16,-20,-58,-88
AMCR,Amcor,-62,-6,0,0,-68,2,-16,11,-17,-20,-88
WST,West Pharmaceutical Services,-10,-50,-2,0,-62,-26,-1,-8,9,-26,-88
PYPL,PayPal,2,-18,-3,-26,-45,-2,-12,-2,-28,-44,-89
TTWO,Take-Two Interactive,-40,0,0,0,-40,-49,-10,2,7,-50,-90
LYB,LyondellBasell,-19,-32,0,21,-30,-32,-33,-1,5,-61,-91
HSY,Hershey's,-3,-19,-47,0,-69,-1,-24,9,-6,-22,-91
VRSN,Verisign,-50,-1,-23,-4,-78,-28,24,-22,12,-14,-92
HST,Host Hotels & Resorts,-55,-60,0,29,-86,2,-6,-7,5,-6,-92
JNJ,Johnson & Johnson,-9,-31,-25,-2,-67,7,-1,-13,-18,-25,-92
BXP,"BXP, Inc.",-17,-10,-5,-28,-60,-10,10,-13,-20,-33,-93
ED,Consolidated Edison,-62,-18,-3,29,-54,-25,-26,11,1,-39,-93
ACN,Accenture,-17,-75,-1,0,-93,-10,13,-10,6,-1,-94
HAS,Hasbro,-57,-9,0,-26,-92,5,-2,15,-22,-4,-96
KDP,Keurig Dr Pepper,-41,0,12,-1,-30,-53,-7,9,-15,-66,-96
PPG,PPG Industries,0,-62,-8,-2,-72,10,-28,-11,5,-24,-96
CSGP,CoStar Group,-11,-40,-6,0,-57,-18,-31,-7,16,-40,-97
LUV,Southwest Airlines,-17,2,-3,-26,-44,-16,-2,-10,-25,-53,-97
ITW,Illinois Tool Works,-47,-61,-5,52,-61,-17,-30,-8,16,-39,-100
HSIC,Henry Schein,-8,-32,-7,-2,-49,-8,-25,-10,-10,-53,-102
HRL,Hormel Foods,-9,-27,-8,-17,-61,-17,-25,13,-17,-46,-107
BALL,Ball Corporation,-117,-17,24,-2,-112,-1,-25,29,1,4,-108
CE,Celanese,-48,-32,0,0,-80,4,-32,-5,5,-28,-108
CSCO,Cisco,-17,-36,-14,-4,-71,-21,6,-35,12,-38,-109
EQT,EQT Corporation,-111,-8,-2,29,-92,-11,-16,10,-3,-20,-112
WEC,WEC Energy Group,-19,-21,-8,-7,-55,-25,-30,10,-16,-61,-116
MTD,Mettler Toledo,-62,-2,10,3,-51,-69,-10,25,-12,-66,-117
BLDR,Builders FirstSource,-91,-43,0,52,-82,-25,-63,-6,58,-36,-118
DG,Dollar General,-3,-55,-6,-12,-76,5,-27,-7,-14,-43,-119
TAP,Molson Coors Beverage Company,-19,-48,-11,0,-78,-19,-54,-5,37,-41,-119
VICI,Vici Properties,-35,-21,-8,1,-63,-4,-27,-15,-10,-56,-119
AEE,Ameren,1,-21,-51,-2,-73,-11,-28,5,-15,-49,-122
BIO,Bio-Rad,0,-14,-63,-15,-92,17,-15,-11,-24,-33,-125
COO,CooperCompanies,-97,-15,-2,0,-114,-1,-15,-6,9,-13,-127
PFE,Pfizer,-3,0,-79,-11,-93,-3,-15,2,-18,-34,-127
BAX,Baxter International,3,-52,-11,-26,-86,-1,8,-9,-40,-42,-128
EPAM,EPAM Systems,-2,-74,-10,-14,-100,1,5,-10,-24,-28,-128
YUM,Yum! Brands,-128,-20,-1,52,-97,-35,-13,-1,16,-33,-130
CZR,Caesars Entertainment,-18,0,-25,-12,-55,-31,18,-40,-24,-77,-132
SWK,Stanley Black & Decker,0,-46,-8,-28,-82,15,-28,-11,-27,-51,-133
MKTX,MarketAxess,20,-29,-54,-16,-79,19,-23,-19,-31,-54,-133
ALGN,Align Technology,18,-48,-10,-12,-52,10,-61,-5,-25,-81,-133
WYNN,Wynn Resorts,-19,-57,-5,-1,-82,-31,-28,-5,12,-52,-134
CNC,Centene Corporation,-44,-29,-5,0,-78,-8,-23,-10,-15,-56,-134
CVS,CVS Health,-48,-8,-14,-6,-76,-29,-1,-12,-16,-58,-134
CF,CF Industries,-37,-19,-6,0,-62,-39,-15,-8,-11,-73,-135
ABT,Abbott,-46,-68,-1,0,-115,-2,-10,-9,1,-20,-135
RVTY,Revvity,-98,-7,0,-11,-116,8,-10,4,-22,-20,-136
IQV,IQVIA,-62,-35,23,0,-74,7,-69,-6,5,-63,-137
APA,APA Corporation,0,-48,-36,0,-84,-18,4,-33,-6,-53,-137
KHC,Kraft Heinz,-55,-29,-5,-2,-91,8,-42,-3,-12,-49,-140
IEX,IDEX Corporation,-34,-39,-6,0,-79,-1,-61,-6,6,-62,-141
VTRS,Viatris,5,-64,1,-88,-146,5,4,-8,4,5,-141
NSC,Norfolk Southern Railway,-3,-52,-1,0,-56,-10,-72,-7,1,-88,-144
A,Agilent Technologies,-45,-27,0,0,-72,-55,-26,28,-23,-76,-148
BDX,Becton Dickinson,-39,-11,-28,-4,-82,-25,-4,-36,-2,-67,-149
GPC,Genuine Parts Company,-56,-31,-3,42,-48,-58,-32,-4,-9,-103,-151
GIS,General Mills,-55,-23,-6,0,-84,-29,-31,-3,-6,-69,-153
UPS,United Parcel Service,-33,-34,-50,-7,-124,-1,4,-11,-21,-29,-153
MDT,Medtronic,-50,-17,-2,-26,-95,-2,-23,-8,-26,-59,-154
SJM,J.M. Smucker Company (The),2,-69,-44,-4,-115,-3,-12,-14,-10,-39,-154
ZBH,Zimmer Biomet,-10,-59,-8,-4,-81,-1,-61,-7,-6,-75,-156
APTV,Aptiv,0,-18,-45,-11,-74,-1,-19,-40,-23,-83,-157
LW,Lamb Weston,-90,-8,-15,15,-98,-50,-15,-15,20,-60,-158
CLX,Clorox,-33,-68,-2,-27,-130,-25,12,-9,-11,-33,-163
FMC,FMC Corporation,-19,-21,-62,-12,-114,-25,-28,13,-13,-53,-167
EXC,Exelon,-62,-21,-43,-2,-128,-11,-28,5,-11,-45,-173
DLTR,Dollar Tree,-3,-68,-14,-2,-87,7,-78,-9,-9,-89,-176
BEN,Franklin Templeton,-19,-62,-14,-7,-102,-11,-31,-11,-22,-75,-177
XEL,Xcel Energy,-40,-6,-61,-6,-113,-39,-15,1,-14,-67,-180
LVS,Las Vegas Sands,-55,-60,-13,-4,-132,-31,-26,-12,16,-53,-185
ALB,Albemarle Corporation,-3,-23,-71,-10,-107,-3,-25,-44,-12,-84,-191
BWA,BorgWarner,-62,-16,-37,-2,-117,-58,-24,11,-3,-74,-191
PAYC,Paycom,-10,-47,-50,-11,-118,-10,-30,-10,-24,-74,-192
GPN,Global Payments,1,-68,-10,-26,-103,-11,-72,-11,4,-90,-193
MTCH,Match Group,3,0,-132,-24,-153,7,-8,-15,-25,-41,-194
LULU,Lululemon Athletica,-59,-74,-10,0,-143,-10,-36,-15,8,-53,-196
NKE,"Nike, Inc.",-50,-7,-28,-12,-97,-57,-2,-21,-24,-104,-201
PARA,Paramount Global,35,-20,-150,-26,-161,41,-31,-21,-32,-43,-204
AAL,American Airlines Group,-17,-30,-7,-63,-117,-25,-29,-7,-26,-87,-204
ETSY,Etsy,-44,-18,-63,-17,-142,-10,-13,-19,-24,-66,-208
JBHT,J.B. Hunt,-10,-79,-13,0,-102,-17,-90,-13,12,-108,-210
WY,Weyerhaeuser,-63,-62,-8,-1,-134,8,-61,-7,-20,-80,-214
CRL,Charles River Laboratories,-63,-51,0,-13,-127,5,-66,-6,-24,-91,-218
SYY,Sysco,-41,-66,-2,0,-109,-53,-32,-7,-18,-110,-219
BBWI,"Bath & Body Works, Inc.",-160,-21,0,-2,-183,-61,-16,29,1,-47,-230
SBUX,Starbucks,-78,-7,-28,-3,-116,-81,-9,-25,-3,-118,-234
WBD,Warner Bros. Discovery,-16,-19,-47,-29,-111,-33,-17,-55,-32,-137,-248
BMY,Bristol Myers Squibb,-29,-62,-61,-10,-162,1,-3,-74,-11,-87,-249
DIS,Walt Disney Company (The),-40,-43,0,-28,-111,-54,-58,-1,-27,-140,-251
EL,Estée Lauder Companies (The),-47,-47,-63,-15,-172,-3,-60,-8,-22,-93,-265
MOS,Mosaic Company (The),-29,-31,-71,-3,-134,-32,-21,-63,-17,-133,-267
IPG,Interpublic Group of Companies (The),-153,-25,-7,0,-185,-50,-22,-9,-4,-85,-270
POOL,Pool Corporation,-117,-62,-6,-2,-187,-62,-28,-7,2,-95,-282
BF-B,Brown–Forman,-41,-85,-46,-11,-183,-62,-78,-41,-26,-207,-390
WBA,Walgreens Boots Alliance,-49,-108,-116,-65,-338,-61,-120,-19,-24,-224,-562
